0,39600
1,18
2,11
3,104/3
4,6
5,1290
6,600
7,3500
8,8.8
9,3
10,41
11,10.5
12,None
13,56
14,36
15,8910
16,16
17,18.7
18,322.5
19,10
20,12
21,5
22,100
23,68
24,300
25,53
26,None
27,16
28,1.884
29,1950
30,3.6
31,48
32,9
33,720
34,36
35,19/20
36,251
37,5
38,14/15
39,48
40,400
41,24
42,0
43,500
44,4
45,17
46,95
47,288
48,40
49,380
50,884
51,9
52,7600
53,280
54,8079
55,120
56,150
57,4875
58,1248
59,9
60,13
61,1191
62,1300
63,738
64,1176
65,5997.6
66,13199.8
67,400
68,576
69,765
70,10
71,73.2
72,6600
73,7/8
74,125
75,3.8
76,0.025
77,13/20
78,24
79,194
80,0.6
81,66
82,8
83,392
84,260
85,16.67%
86,87
87,675
88,402
89,374
90,4.32
91,20
92,112
93,1735
94,1568
95,31.4
96,4
97,16
98,3
99,260
100,2288
101,400
102,3486
103,14
104,5
105,20
106,5/9
107,20427.5
108,10.9
109,2.5
110,7/10
111,1200
112,560
113,143
114,17
115,160
116,5055
117,623
118,192
119,124
120,1.22
121,13
122,78.5
123,69
124,2000
125,90%
126,95
127,0.7
128,124
129,770
130,7/9
131,6089
132,10
133,9
134,11200
135,8
136,595
137,50
138,24
139,87
140,80
141,446
142,-96
143,41
144,126.72
145,356
146,12
147,8400
148,4800
149,8
150,2/9
151,494
152,2_6/7
153,490
154,8000
155,3/10
156,5/28
157,600
158,40
159,64
160,30
161,5
162,4
163,6
164,7
165,1350
166,336
167,775
168,34
169,312
170,10
171,7
172,280
173,144
174,11/35
175,14
176,44
177,9
178,8
179,11
180,20
181,79.36
182,12
183,27
184,11/20
185,650
186,5000
187,10
188,312
189,29
190,782
191,125.4
192,10495
193,880
194,12400
195,None
196,704
197,28.26
198,450
199,272
200,450
201,114
202,18
203,7/20
204,2000
205,40
206,2/3
207,6
208,40
209,39385
210,6
211,65.55
212,3081
213,31385.1
214,6
215,612500
216,425
217,4.25
218,6302.4
219,200
220,5
221,333
222,20
223,0
224,200
225,1872
226,332
227,9
228,6/7
229,28.8
230,190
231,293
232,3300
233,417
234,684
235,60
236,691
237,4950
238,1/18
239,205
240,816
241,277.2
242,5/2
243,5375
244,432
245,2/5
246,25
247,13/8
248,240
249,None
250,3.4
251,20
252,3162
253,1260
254,1710
255,6000
256,1536
257,7
258,490
259,5
260,2695
261,90
262,84
263,192
264,24/5
265,6
266,11/24
267,276
268,26
269,94
270,25000
271,12300
272,750
273,12
274,520
275,7260
276,289
277,5.4
278,32
279,750
280,582.08
281,8
282,6
283,784
284,64
285,18
286,240
287,579
288,3.6
289,2250
290,944
291,5
292,9.98
293,546
294,18
295,19
296,5280
297,10
298,4
299,91
300,224
301,27/20
302,8
303,8
304,81
305,314
306,0
307,20
308,0
309,5
310,142.8
311,450
312,32
313,2/7
314,36
315,60
316,0.4
317,324
318,900
319,1/2
320,4
321,432
322,1/2
323,37/40
324,6/5
325,7
326,3450
327,71.25
328,890
329,0
330,10123.75
331,434000
332,16000
333,300
334,4/7
335,336
336,10
337,486
338,6
339,10
340,3625
341,90
342,21
343,50
344,60
345,48
346,87
347,5
348,425
349,12
350,0.32
351,600
352,465
353,1488
354,168
355,140
356,186.1875
357,250000
358,25000
359,12
360,11304
361,125.6
362,45
363,9
364,17.5
365,540
366,81/35
367,32
368,1/2
369,209
370,150
371,242
372,10
373,7
374,36
375,1350
376,591
377,904.32
378,4429
379,1
380,70
381,43
382,2/5
383,6240
384,56375
385,89
386,4/3
387,65.54
388,400
389,18
390,3
391,2260
392,768
393,800
394,4.71
395,1150
396,450
397,11.5
398,6592
399,13
400,87
401,136
402,864
403,20/9
404,1175
405,32
406,12
407,4/15
408,4
409,3.14
410,12
411,6
412,0
413,800
414,10
415,516
416,55
417,8
418,1320
419,20
420,2/9
421,1
422,306
423,41/42
424,1.12
425,15.12
426,1.8
427,1120
428,73
429,1250
430,580
431,1280
432,384
433,112
434,12960
435,31
436,408
437,44
438,1.35
439,6300
440,1/4
441,42.5
442,410
443,5
444,64
445,765
446,3/5
447,0.45
448,20
449,1920
450,1036
451,68
452,None
453,10
454,30
455,63
456,1080
457,6
458,76
459,390
460,24
461,2400
462,31
463,816
464,12
465,1710
466,240
467,246
468,21
469,30
470,12
471,16
472,700
473,125.6
474,6
475,21
476,534
477,864
478,1152
479,231
480,32
481,533
482,19/20
483,3.2
484,30
485,280
486,132
487,216
488,16
489,14968
490,None
491,96
492,260
493,44.8
494,440
495,2051.03
496,1080
497,1440
498,80
499,1344
500,97
501,800
502,320
503,750
504,885
505,639
506,1800
507,700
508,1.884
509,24
510,13.2
511,14
512,1
513,7/34
514,120
515,59
516,786
517,0.5
518,1/3
519,441
520,45
521,8
522,355
523,1800
524,3/8
525,200
526,340
527,100
528,30
529,600
530,120
531,0.25
532,150
533,52.65
534,-4.5
535,45
536,1.44
537,22
538,7
539,96
540,120
541,100
542,216
543,600
544,44
545,105
546,29.42
547,84
548,None
549,108
550,1730
551,188.94
552,48
553,4.5
554,1100
555,750
556,11
557,126
558,7.065
559,50.24
560,0.36
561,6
562,None
563,90
564,19
565,60
566,840
567,147
568,472
569,2500
570,266
571,16.8
572,10700
573,24
574,7500
575,45.85
576,15
577,2
578,150
579,240
580,1600
581,4
582,514.3
583,576
584,5
585,12
586,31
587,33
588,50
589,240
590,3
591,16
592,30
593,4
594,0
595,50.24
596,0.45
597,930
598,192
599,20000
600,882
601,6
602,3
603,35_5/9
604,70
605,2/5
606,1
607,60
608,5
609,62
610,900
611,19
612,174
613,0.18
614,9.6
615,93600000
616,116.8
617,125000
618,28.26
619,90
620,89.4
621,50
622,0.0125
623,114
624,196
625,15
626,440
627,180
628,53
629,54
630,60
631,78.5
632,3
633,2000
634,200
635,90%
636,93.75%
637,75%
638,99%
639,60
640,10
641,30.75
642,45
643,32
644,1350
645,2
646,6
647,14
648,215
649,100
650,340
651,12
652,11
653,16
654,98%
655,96.04
656,80
657,98%
658,96
659,95%
660,60
661,1000
662,950
663,75%
664,60
665,1094.5
666,50
667,250
668,1
669,36000
670,40
671,735
672,14
673,160
674,27500000
675,92%
676,8
677,40
678,98%
679,96%
680,3
681,460
682,120
683,450
684,70
685,21
686,3360
687,50
688,36
689,25.5
690,320
691,1200
692,81
693,1
694,30
695,550
696,16
697,20
698,31/40
699,60
700,72
701,36
702,5
703,1.2
704,11
705,56
706,94%
707,5/8
708,80
709,11
710,320
711,57
712,24000000
713,0.018
714,10%
715,1000
716,240
717,384
718,16
719,66
720,150
721,150.72
722,165
723,80
724,76
725,85
726,42.5
727,117
728,150
729,160
730,120
731,30
732,32
733,100
734,29.5
735,0.135
736,13
737,2
738,51又3/7
739,160
740,95%
741,2.5
742,3/4
743,5
744,2000/3
745,1280
746,50
747,156
748,30
749,330.4
750,6
751,372
752,20
753,11
754,137.5
755,250
756,50
757,320
758,15000
759,35
760,25
761,1.5
762,190.66
763,87.92
764,93
765,2200
766,21944
767,3.44
768,16000
769,10
770,851
771,0
772,187
773,75.33
774,3000
775,12
776,125.6
777,0
778,402
779,4
780,5
781,6880
782,6160
783,5
784,117
785,156
786,12.56
787,None
788,200
789,105
790,2%
791,54
792,612.5
793,20
794,72.09
795,2450
796,12
797,300
798,40/9
799,600
800,28.6
801,55
802,24
803,84
804,12.75
805,4.4
806,500
807,216
808,None
809,58/9
810,7.8
811,7
812,2
813,78.5
814,25
815,4000
816,2000
817,None
818,8
819,90
820,28
821,360
822,88
823,122/3
824,50.24
825,105
826,146.2
827,46/35
828,0.12
829,20
830,29000
831,160
832,0.057
833,25.5
834,280/3
835,10
836,45
837,0.512
838,44
839,5
840,7
841,5/3
842,8
843,75/28
844,546
845,24
846,8
847,42
848,1219.6
849,3
850,14400
851,1650
852,180
853,24
854,20
855,109/110
856,3
857,120
858,10.5
859,7.2
860,210
861,300
862,22
863,2/7
864,24
865,11
866,88
867,25
868,18.15
869,0.75
870,13.2
871,10/21
872,9
873,62
874,62.4
875,5
876,10500
877,14.2857%
878,8.912
879,78.54%
880,64
881,700
882,1
883,31.5
884,2
885,11
886,0
887,157
888,26
889,0
890,4.5
891,306
892,35
893,6000.0
894,80
895,9
896,285
897,10
898,96
899,240000
900,4000
901,207000
902,None
903,150
904,150
905,1500000
906,36
907,900
908,26
909,3.14
910,10
911,1
912,None
913,29
914,6.6
915,430
916,7536
917,141.3
918,94.2
919,5.4
920,200
921,6/5
922,6
923,96%
924,120
925,128/7
926,95.83%
927,260
928,30
929,2.2
930,7850
931,7000
932,312
933,452.16
934,7.1
935,3500
936,90
937,72
938,6.66
939,11
940,72
941,19
942,210
943,24
944,5
945,5/12
946,286
947,6
948,90
949,60
950,0.6
951,16
952,24
953,300
954,594
955,10
956,16
957,12000000
958,760
959,130
960,1/6
961,7
962,640
963,30036.75
964,16
965,钢笔每支价格
966,25
967,39
968,15/16
969,3/8
970,152.4
971,10
972,3424
973,250
974,41
975,3
976,70
977,16sqrt2-16
978,314
979,910
980,182.9
981,4400
982,30
983,448
984,1.03933%
985,74
986,2/5
987,10
988,8
989,190
990,24
991,2760
992,581
993,700
994,20%
995,2040
996,1/11
997,90
998,72
999,1/5
1000,0.314
1001,504
1002,89
1003,45
1004,5
1005,110%
1006,10
1007,31
1008,974562.4
1009,1/4
1010,2
1011,163
1012,312.5
1013,4%
1014,13
1015,200
1016,20/3
1017,75/2
1018,94
1019,2/3
1020,9
1021,50%
1022,40%
1023,0.0628
1024,162
1025,44080
1026,16000
1027,1/4
1028,63
1029,88
1030,15
1031,205.8
1032,0
1033,3
1034,35/9
1035,270
1036,0.108
1037,30
1038,2100
1039,None
1040,2.5
1041,5500
1042,18
1043,12.5
1044,3.6
1045,49392
1046,9/16
1047,36
1048,12167
1049,412.5
1050,60
1051,160
1052,240
1053,20
1054,4500
1055,0.01
1056,6
1057,46.088
1058,7/16
1059,512
1060,50
1061,11
1062,4.13
1063,2
1064,60
1065,20
1066,2
1067,18/5
1068,40
1069,45
1070,50
1071,12.5
1072,114
1073,284
1074,1/25
1075,4138
1076,31
1077,272
1078,6
1079,40
1080,200
1081,105
1082,25
1083,20
1084,1.3
1085,47.2
1086,9/20
1087,480
1088,4/9
1089,0.0144
1090,165
1091,45
1092,4875
1093,582
1094,None
1095,18
1096,1440
1097,5/8
1098,144
1099,120
1100,1/7
1101,16
1102,859
1103,15
1104,285
1105,2/5
1106,48.4
1107,12
1108,15
1109,16
1110,27
1111,3
1112,45.12
1113,33.3%
1114,800
1115,68
1116,6
1117,100
1118,8
1119,3
1120,15
1121,30
1122,36
1123,10
1124,16
1125,9100/9
1126,2.4
1127,48
1128,10000
1129,1/15
1130,0
1131,26
1132,28
1133,550
1134,128
1135,75
1136,2410.02
1137,15
1138,480
1139,200
1140,9000
1141,16.875
1142,6
1143,180
1144,22.5
1145,4
1146,300
1147,5184
1148,179/31
1149,19.3
1150,0.087
1151,10
1152,1/2
1153,770
1154,12
1155,180
1156,11
1157,30
1158,1154
1159,10.8
1160,21
1161,20
1162,80
1163,120
1164,8965
1165,6
1166,6
1167,20
1168,24.6
1169,15
1170,11.1%
1171,900
1172,120
1173,255
1174,1.5
1175,98%
1176,36
1177,0.02
1178,9400
1179,276
1180,6
1181,4500
1182,12
1183,36
1184,None
1185,120
1186,3/11
1187,199
1188,2190
1189,597
1190,0.000001
1191,300
1192,0.27
1193,33750
1194,96
1195,95%
1196,1.5
1197,400
1198,342
1199,None
1200,None
1201,25
1202,498750000
1203,25%
1204,51
1205,28
1206,18
1207,220
1208,9
1209,3
1210,216
1211,329/11
1212,0.8
1213,3%
1214,1.5
1215,16
1216,16
1217,56
1218,18
1219,750
1220,73.3%
1221,60
1222,33.75
1223,191.8
1224,48
1225,33.33
1226,188.4
1227,12800
1228,25
1229,14
1230,125
1231,3.2
1232,54
1233,None
1234,540
1235,3.75
1236,None
1237,90
1238,None
1239,None
1240,96%
1241,8
1242,240
1243,2
1244,147
1245,4200
1246,85
1247,89
1248,56
1249,780
1250,33
1251,45
1252,35
1253,16
1254,36
1255,8
1256,30
1257,38
1258,24
1259,16
1260,53
1261,22
1262,4
1263,37
1264,6
1265,45
1266,14
1267,13
1268,23
1269,18
1270,55
1271,53
1272,30
1273,26
1274,45
1275,12
1276,72
1277,None
1278,84
1279,30
1280,81
1281,51
1282,84
1283,36
1284,48
1285,80
1286,36
1287,35
1288,27
1289,48
1290,9
1291,26
1292,26
1293,10
1294,29
1295,8
1296,10
1297,3
1298,8
1299,6
1300,6
1301,20
1302,6
1303,5
1304,6
1305,6
1306,4
1307,5
1308,8
1309,8
1310,7
1311,6
1312,2.5
1313,32
1314,4
1315,9
1316,13
1317,6
1318,11
1319,6
1320,7
1321,8
1322,80
1323,31
1324,28
1325,40
1326,17
1327,11
1328,20
1329,6
1330,42
1331,6
1332,76
1333,22
1334,4
1335,25
1336,54
1337,64
1338,84
1339,5
1340,73
1341,24
1342,6
1343,7
1344,24
1345,84
1346,31
1347,33
1348,6
1349,17
1350,35
1351,16
1352,19
1353,28
1354,9
1355,0.18
1356,98
1357,75.36
1358,160
1359,700
1360,90
1361,31720
1362,30000
1363,5/9
1364,3600
1365,4/5
1366,20
1367,8
1368,9600π
1369,120
1370,64
1371,81
1372,335
1373,600
1374,38.25
1375,7/68
1376,60000
1377,128
1378,60
1379,2.4
1380,2.7
1381,726.48
1382,8100
1383,168
1384,440
1385,9.225
1386,32
1387,2
1388,104.1667
1389,5.3
1390,42
1391,56
1392,48000
1393,-12
1394,40
1395,16
1396,0.64
1397,60
1398,90
1399,840
1400,6
1401,180
1402,640
1403,60
1404,30
1405,3
1406,1
1407,336
1408,787
1409,125
1410,139
1411,20
1412,7250
1413,40
1414,248
1415,86400
1416,21
1417,3
1418,240
1419,31
1420,53/60
1421,30.6
1422,33.45
1423,3.6
1424,0.008
1425,9
1426,9
1427,4
1428,3528
1429,11
1430,22.5
1431,28
1432,6
1433,94
1434,2.4
1435,44.3
1436,190
1437,271.32
1438,30.6
1439,72
1440,56
1441,11
1442,110
1443,60
1444,0
1445,20/3
1446,13950
1447,197
1448,0.35
1449,4
1450,44
1451,84
1452,180
1453,307
1454,36
1455,65
1456,169
1457,31
1458,52
1459,9
1460,3612
1461,560
1462,92
1463,588
1464,10
1465,290
1466,28
1467,412
1468,4.25
1469,1.1
1470,137
1471,239
1472,10
1473,60
1474,26
1475,8
1476,50
1477,9000
1478,1.8
1479,16
1480,0.6
1481,8533
1482,15
1483,3
1484,48/119
1485,4
1486,11
1487,33
1488,8
1489,56
1490,1/9
1491,12
1492,50
1493,2125
1494,32
1495,3.04
1496,5
1497,4
1498,-4.9
1499,2370
1500,227.5
1501,3.6
1502,149
1503,4
1504,371
1505,28
1506,59.5
1507,64
1508,65.4
1509,180
1510,945
1511,50
1512,32
1513,180
1514,40
1515,520
1516,36
1517,1.55
1518,3524
1519,12
1520,90
1521,40
1522,300
1523,41
1524,331
1525,6√6
1526,140
1527,9
1528,无解
1529,780
1530,1010
1531,22
1532,无解
1533,110
1534,4800
1535,1/2
1536,2.5
1537,30
1538,1/21
1539,160
1540,128
1541,144
1542,23
1543,90
1544,12又20/97
1545,400
1546,650
1547,None
1548,None
1549,29
1550,0.39
1551,100
1552,3722
1553,5330
1554,4
1555,1256
1556,0.5652
1557,3
1558,4
1559,2000000
1560,3200
1561,17
1562,100
1563,29
1564,8400000
1565,500
1566,360
1567,49/12
1568,110400
1569,9
1570,3000
1571,64
1572,31.4
1573,7
1574,33
1575,1
1576,9420
1577,None
1578,210
1579,306
1580,125
1581,64
1582,125
1583,250
1584,250
1585,2450
1586,270
1587,None
1588,164
1589,960000
1590,73
1591,192
1592,108
1593,175
1594,50
1595,28
1596,5.2
1597,28.86%
1598,100
1599,17.5
1600,30
1601,None
1602,40
1603,800
1604,30
1605,100%
1606,1512
1607,None
1608,8
1609,56.52
1610,5024
1611,5024
1612,790
1613,7/4
1614,37.68
1615,52
1616,633
1617,250/3
1618,750
1619,252
1620,360
1621,35
1622,40.32
1623,120
1624,20
1625,355.5
1626,48
1627,2500000
1628,1
1629,15
1630,1600
1631,10
1632,15
1633,2
1634,8.5
1635,None
1636,11
1637,54
1638,24
1639,5
1640,60
1641,17.24
1642,368
1643,720
1644,12.24
1645,20000
1646,6.28
1647,4
1648,180
1649,None
1650,1770
1651,95
1652,42
1653,15
1654,92%
1655,251.2
1656,50
1657,1200
1658,None
1659,0.2
1660,80
1661,4
1662,6
1663,18
1664,3.2
1665,4
1666,14
1667,66
1668,625
1669,None
1670,None
1671,116950
1672,140
1673,30
1674,50
1675,54
1676,140
1677,1
1678,144
1679,555_5/9
1680,0.1
1681,3200
1682,142
1683,600
1684,9/25
1685,2
1686,150
1687,405
1688,785
1689,150
1690,1120
1691,640000
1692,1.5
1693,150
1694,37.68
1695,360
1696,104
1697,1
1698,30
1699,16
1700,2
1701,20
1702,6.86
1703,1.2
1704,8
1705,0.25
1706,8/9
1707,6
1708,600
1709,5.5
1710,384
1711,34000000
1712,606
1713,40
1714,3520
1715,18
1716,3
1717,400
1718,15
1719,720
1720,7/5
1721,318.2
1722,13.5
1723,384
1724,63.685
1725,22
1726,10
1727,162.2464
1728,8
1729,810
1730,6/5
1731,1
1732,110
1733,37.5
1734,25
1735,50
1736,420
1737,130
1738,244
1739,1008
1740,23
1741,60
1742,180
1743,1380
1744,82.5
1745,64
1746,80
1747,36
1748,16
1749,None
1750,16
1751,136
1752,7
1753,1.74
1754,25
1755,45
1756,4_1/5
1757,20000
1758,50.24
1759,None
1760,17
1761,192
1762,32.13
1763,506
1764,1
1765,300
1766,50
1767,0
1768,36
1769,8
1770,1
1771,37.5
1772,None
1773,2610
1774,12.8
1775,1600/39
1776,160
1777,150
1778,22960
1779,1030
1780,5000
1781,8
1782,1175
1783,1800
1784,68
1785,2
1786,9
1787,6
1788,952
1789,6
1790,600
1791,250
1792,20
1793,11460
1794,5
1795,22.5
1796,5
1797,108_1/3
1798,24
1799,500
1800,400
1801,15/26
1802,3360
1803,2250
1804,133_1/3
1805,942
1806,7200
1807,64
1808,80
1809,8
1810,660
1811,8
1812,65.94
1813,5
1814,7
1815,72
1816,9
1817,20
1818,102
1819,72
1820,7040
1821,9
1822,1055
1823,10
1824,38.784
1825,1255
1826,10
1827,5
1828,80
1829,222.37
1830,40
1831,3
1832,5
1833,6000
1834,272
1835,100π
1836,2745
1837,4
1838,12400
1839,4
1840,120
1841,2
1842,8
1843,4
1844,28
1845,62.8
1846,9.375
1847,654
1848,9
1849,3000
1850,818
1851,151.8
1852,35
1853,1035
1854,3
1855,12
1856,960
1857,95000
1858,45
1859,22
1860,70
1861,216.67
1862,96
1863,12
1864,7
1865,49/3
1866,1210
1867,5
1868,128
1869,6720
1870,4410
1871,30
1872,5400
1873,8000
1874,2.5
1875,11
1876,24
1877,6
1878,126
1879,41
1880,7.065
1881,6.97
1882,6
1883,3888
1884,1088
1885,89
1886,20
1887,6
1888,960
1889,3
1890,16
1891,52%
1892,54
1893,28.26
1894,299_1/3
1895,256
1896,2/15
1897,1
1898,8
1899,40
1900,9
1901,40
1902,36
1903,2.1
1904,2.25
1905,25
1906,420
1907,888
1908,27
1909,15.125
1910,26.1
1911,249
1912,12
1913,9
1914,None
1915,108
1916,12
1917,11
1918,16
1919,96
1920,60
1921,616
1922,11
1923,5166
1924,12
1925,45.3
1926,12.4
1927,24
1928,2.25
1929,379.52
1930,20
1931,5
1932,40
1933,62/3
1934,None
1935,3
1936,1080
1937,3.3712
1938,11
1939,40
1940,533/15
1941,0.8
1942,6.28
1943,2000
1944,2.25
1945,2020
1946,605
1947,350
1948,36
1949,2.3077
1950,20%
1951,99.7
1952,5
1953,8.4
1954,4
1955,4900
1956,29/3
1957,217
1958,34.54
1959,8
1960,16
1961,0.2
1962,3740
1963,400
1964,38148
1965,None
1966,565
1967,280
1968,123.357789
1969,13
1970,89
1971,4.1
1972,36
1973,2.51
1974,6
1975,42
1976,3.8
1977,75
1978,22.5
1979,7
1980,3000
1981,30
1982,14.4
1983,25
1984,6
1985,42
1986,600
1987,5/28
1988,360
1989,2000
1990,201
1991,13
1992,14950
1993,427.5
1994,22
1995,4605
1996,None
1997,3
1998,3.5
1999,1.6
2000,14
2001,168
2002,5_5/11
2003,81
2004,80
2005,45
2006,260
2007,885
2008,900
2009,521
2010,5000
2011,45
2012,1300
2013,56.25
2014,2
2015,None
2016,14
2017,3.4
2018,2/5
2019,133_1/3
2020,110
2021,80
2022,800
2023,400
2024,0.5
2025,120
2026,5
2027,15
2028,4
2029,15%
2030,1/8
2031,4
2032,63
2033,56
2034,8640
2035,2300
2036,648
2037,720
2038,384
2039,3
2040,1.7
2041,6
2042,94.2
2043,5
2044,1.75
2045,5
2046,240
2047,10
2048,7
2049,20
2050,0.3
2051,1122
2052,180
2053,748.8
2054,5
2055,301.44
2056,None
2057,137.5
2058,0.6
2059,1900000
2060,0.7
2061,41
2062,不够
2063,71.2
2064,60
2065,340
2066,15000/23
2067,32000
2068,12.56
2069,315
2070,56
2071,260
2072,3
2073,96
2074,880
2075,96
2076,3600
2077,4
2078,400
2079,2000
2080,2.94
2081,22.5
2082,35
2083,135/17
2084,2.486
2085,80
2086,43.4
2087,54
2088,27
2089,1740
2090,112
2091,108
2092,50000
2093,900
2094,672
2095,None
2096,62.8
2097,648
2098,7/3
2099,50
2100,780
2101,11100
2102,18
2103,500
2104,96
2105,45.34
2106,1
2107,100.48
2108,1560
2109,不能
2110,50
2111,80
2112,48
2113,158.208
2114,16/3
2115,622
2116,23/600
2117,200
2118,157
2119,84
2120,15
2121,88
2122,803.84
2123,6.615
2124,1.1
2125,3.14
2126,830
2127,99
2128,268
2129,80
2130,12/5
2131,300
2132,16
2133,4185
2134,3
2135,13.188
2136,22
2137,7
2138,29
2139,12
2140,2.5
2141,4
2142,10
2143,12
2144,40
2145,9
2146,1296
2147,24
2148,13/12
2149,10
2150,565.2
2151,48.64
2152,1/3
2153,10
2154,699
2155,12
2156,3
2157,120
2158,15
2159,45.216
2160,14/3
2161,480
2162,732
2163,48
2164,22
2165,30.5
2166,124
2167,470
2168,182
2169,5
2170,2
2171,5
2172,32.5%
2173,11182
2174,6
2175,12%
2176,65%
2177,17
2178,500
2179,24
2180,15700
2181,90
2182,715
2183,36
2184,1710
2185,100
2186,330
2187,441
2188,1456
2189,300
2190,900
2191,12
2192,30
2193,56
2194,2
2195,3400
2196,24
2197,4
2198,40
2199,12
2200,180
2201,344
2202,2520
2203,11400
2204,2
2205,4
2206,18
2207,280
2208,16
2209,140
2210,496
2211,None
2212,490
2213,7.2
2214,1.42
2215,2
2216,9
2217,426
2218,10
2219,19
2220,10890
2221,3750
2222,500
2223,60
2224,3.847
2225,36000
2226,8000
2227,80
2228,18.9
2229,2000
2230,3.768
2231,4
2232,1
2233,157.5
2234,1.07
2235,1.04
2236,18
2237,102
2238,40
2239,4800
2240,3000
2241,1500
2242,272
2243,6290
2244,45
2245,1.40
2246,6
2247,243
2248,4.5
2249,750
2250,1884
2251,480
2252,114
2253,24
2254,1440
2255,9
2256,60
2257,5750
2258,32
2259,3
2260,72
2261,16%
2262,22%
2263,13/15
2264,660
2265,50
2266,232
2267,22.5
2268,71
2269,8
2270,6
2271,40
2272,71.8
2273,25
2274,20
2275,81
2276,1043
2277,320
2278,200000
2279,9.1
2280,45
2281,7700
2282,3000
2283,1190
2284,3564
2285,90
2286,100
2287,10
2288,12
2289,250
2290,100
2291,3600
2292,45
2293,40
2294,48
2295,50.24
2296,72
2297,5
2298,20
2299,62.8
2300,24
2301,1/2
2302,180
2303,30/23
2304,12
2305,15.84
2306,13
2307,500
2308,14
2309,8
2310,8
2311,6
2312,16
2313,None
2314,5250
2315,6
2316,0
2317,210
2318,14.4
2319,48
2320,63
2321,360
2322,144.6
2323,31.4
2324,75
2325,1058
2326,1567
2327,70
2328,900
2329,13
2330,55
2331,None
2332,0.4167
2333,4200
2334,2.496
2335,17
2336,12
2337,5
2338,970
2339,2
2340,2
2341,1520
2342,14.4
2343,53
2344,1/14
2345,98
2346,156
2347,864
2348,48
2349,327
2350,1080
2351,400/399
2352,240
2353,12
2354,150
2355,240
2356,352186
2357,13
2358,100
2359,1243
2360,500%
2361,13
2362,448
2363,8.8
2364,476
2365,330
2366,20
2367,0.1256
2368,1/40
2369,4
2370,0
2371,7
2372,1.1304
2373,630
2374,240
2375,152
2376,10
2377,43
2378,2.1
2379,0.3
2380,30
2381,24
2382,1.5
2383,218
2384,380
2385,879
2386,56
2387,930
2388,15
2389,0.75
2390,450/7
2391,0.2
2392,210
2393,15
2394,27.8
2395,5
2396,170
2397,14.5
2398,1281
2399,125%
2400,2.4
2401,13
2402,0.5
2403,8
2404,70
2405,40
2406,62
2407,7.8
2408,11.2
2409,48
2410,4
2411,None
2412,5
2413,4
2414,18.5
2415,134
2416,12.56
2417,168
2418,92
2419,20
2420,49.4
2421,400
2422,7
2423,5/2
2424,1.1
2425,7560
2426,128
2427,8
2428,75
2429,7.2
2430,126
2431,25
2432,4
2433,3
2434,120
2435,18
2436,58.2
2437,44.8
2438,19
2439,8
2440,1.2
2441,189
2442,36
2443,25
2444,40
2445,12
2446,30
2447,180
2448,14
2449,41020
2450,1650
2451,30
2452,120/7
2453,5657
2454,52.5
2455,25
2456,80%
2457,176
2458,19.2
2459,1256
2460,42
2461,6
2462,3
2463,28
2464,62800
2465,315
2466,28.28
2467,1
2468,25
2469,0.96
2470,16
2471,62
2472,15.5
2473,120
2474,2.4
2475,80
2476,25
2477,5
2478,25
2479,60
2480,None
2481,75
2482,24
2483,4
2484,12.56
2485,600
2486,16/25
2487,578
2488,60
2489,8
2490,12
2491,8
2492,11
2493,2
2494,82
2495,980
2496,25
2497,20000
2498,5/4
2499,40
2500,13/6
2501,63
2502,4000
2503,31
2504,65%
2505,10
2506,40/9
2507,21.5
2508,512
2509,240
2510,None
2511,12.56
2512,7630
2513,37.68
2514,746
2515,800
2516,5.5
2517,14.4
2518,197.12
2519,4
2520,195.5
2521,5840
2522,38.265
2523,4
2524,12
2525,1056
2526,7
2527,148
2528,40
2529,66
2530,12
2531,16
2532,10
2533,None
2534,20
2535,18.84
2536,4
2537,180
2538,0.4
2539,120
2540,12.5
2541,8
2542,100
2543,2
2544,300
2545,18
2546,1000
2547,200
2548,1025
2549,20
2550,4
2551,5
2552,180
2553,12.5%
2554,2.333
2555,3.5
2556,392
2557,628
2558,3
2559,245760
2560,36%
2561,60
2562,9.2
2563,30
2564,0
2565,130.5
2566,280/3
2567,50.24
2568,None
2569,168
2570,280
2571,2842
2572,8
2573,3
2574,15
2575,360
2576,12
2577,127.5
2578,15.7
2579,3207
2580,349.6
2581,12
2582,13
2583,34
2584,79
2585,640
2586,48
2587,18
2588,21
2589,11
2590,1.5
2591,26
2592,298.5
2593,110
2594,96
2595,400
2596,5/4
2597,7.95
2598,None
2599,60
2600,25
2601,3360
2602,2700
2603,5.6
2604,16
2605,100
2606,21
2607,100000000
2608,1.74
2609,20
2610,1200
2611,69.08
2612,1364
2613,50
2614,500
2615,14
2616,82.2
2617,1800
2618,464.4
2619,3
2620,96%
2621,1/5
2622,7/4
2623,16
2624,3
2625,62.8
2626,960
2627,210
2628,62.5%
2629,160
2630,808.5
2631,3
2632,4
2633,126.5
2634,1000
2635,350
2636,6
2637,47.0
2638,20
2639,None
2640,3
2641,9
2642,3
2643,650
2644,0
2645,128
2646,20/11
2647,34
2648,None
2649,None
2650,2
2651,40
2652,4
2653,300
2654,100/3
2655,2.16
2656,750
2657,4
2658,3/4
2659,-19.4
2660,37.68
2661,25
2662,20
2663,None
2664,390
2665,1728
2666,3.5
2667,92.78%
2668,82.8
2669,73.6
2670,8/19
2671,79.2
2672,350
2673,48
2674,20
2675,35
2676,24
2677,2
2678,784
2679,310.8
2680,60
2681,87
2682,0.78
2683,120000
2684,2000000
2685,2800
2686,20%
2687,400000000
2688,144
2689,14
2690,180
2691,5440
2692,2.4
2693,246
2694,5.1
2695,10
2696,122.46
2697,530
2698,3
2699,24
2700,11
2701,14
2702,1200
2703,100
2704,36
2705,200
2706,5
2707,6
2708,6
2709,7.35
2710,7.2
2711,13
2712,59.8
2713,720
2714,2
2715,470
2716,74.64
2717,0
2718,24
2719,20
2720,10850
2721,1512
2722,19200
2723,2213
2724,20400
2725,18/5
2726,5/8
2727,30
2728,2220
2729,10
2730,139
2731,810
2732,5
2733,200
2734,2
2735,3
2736,3000
2737,1
2738,7
2739,22
2740,2.1
2741,None
2742,3
2743,350/3
2744,0.9
2745,45
2746,None
2747,24
2748,300
2749,320
2750,28
2751,16
2752,1000
2753,1/5
2754,1/2
2755,160
2756,1.26
2757,200
2758,36.24
2759,250
2760,2
2761,448
2762,360
2763,432
2764,114
2765,20.8
2766,5
2767,4
2768,419
2769,2.5
2770,10
2771,26
2772,6
2773,30
2774,87.5
2775,24
2776,5
2777,14
2778,100
2779,250
2780,10
2781,6
2782,50
2783,4
2784,375
2785,7
2786,1460
2787,32
2788,None
2789,13
2790,7
2791,3
2792,36
2793,20
2794,400/9
2795,100
2796,None
2797,43/30
2798,5
2799,7
2800,10
2801,380
2802,7
2803,1000000
2804,3087
2805,250
2806,45
2807,15
2808,9
2809,166
2810,154.72
2811,1344
2812,None
2813,3
2814,150.72
2815,0.5
2816,4/3
2817,18
2818,49
2819,120
2820,3.14
2821,130
2822,1004.8
2823,29
2824,None
2825,70
2826,3520
2827,3
2828,250
2829,32
2830,11/36
2831,34
2832,10
2833,120
2834,588
2835,6
2836,18
2837,920
2838,160
2839,6%
2840,80
2841,206
2842,60
2843,1
2844,0
2845,1130.4
2846,180
2847,48
2848,141.3
2849,924
2850,9
2851,16
2852,3.6
2853,4
2854,28.56
2855,9.09%
2856,3
2857,28
2858,3
2859,0.36
2860,5500
2861,308
2862,7
2863,40.95
2864,56
2865,16
2866,10
2867,50
2868,4.71
2869,1000
2870,70
2871,600
2872,1188
2873,4
2874,25.12
2875,750
2876,4
2877,58.82%
2878,910
2879,32
2880,5
2881,7200
2882,96%
2883,30
2884,4/3
2885,6
2886,0.5
2887,1256
2888,1380
2889,251.2
2890,1610
2891,270
2892,2
2893,1
2894,320
2895,None
2896,0.5
2897,294
2898,1810
2899,1375
2900,0
2901,177
2902,55
2903,9
2904,0.5
2905,131
2906,69
2907,6
2908,50.24
2909,168
2910,None
2911,11
2912,505
2913,66
2914,2
2915,160
2916,140
2917,2960.64
2918,55
2919,379
2920,200
2921,24
2922,128
2923,6600
2924,4/5
2925,400
2926,12000
2927,6
2928,55
2929,8
2930,1320
2931,50
2932,121
2933,437/5
2934,13
2935,138.16
2936,100
2937,78.5
2938,8
2939,6
2940,900
2941,326
2942,628
2943,162
2944,12
2945,123.1536
2946,95
2947,-314
2948,65
2949,421
2950,36
2951,3.63
2952,12
2953,69.375
2954,600
2955,168.75
2956,60
2957,2
2958,36
2959,80
2960,4
2961,6
2962,41
2963,200
2964,4
2965,None
2966,None
2967,81
2968,60
2969,215
2970,24
2971,24.8
2972,60
2973,27/4
2974,4.2
2975,12
2976,None
2977,125.6
2978,180
2979,1
2980,48
2981,94.6%
2982,7
2983,2000
2984,4000
2985,115
2986,1.68
2987,3
2988,7.5
2989,90
2990,5.6
2991,0.16
2992,328.5
2993,2240
2994,600
2995,5/8
2996,800
2997,115
2998,18
2999,17.5
3000,25
3001,3.75
3002,88
3003,19.08
3004,0.8
3005,10
3006,27
3007,43
3008,126
3009,135.4
3010,94.2
3011,1.8
3012,4.112
3013,1271
3014,9.42
3015,171.703
3016,18
3017,100
3018,92
3019,135
3020,50
3021,80
3022,40
3023,150
3024,15
3025,100
3026,176/25
3027,7200
3028,24000
3029,4800
3030,90000
3031,742
3032,11.5
3033,18/5
3034,8
3035,0.25
3036,140
3037,5
3038,15%
3039,2
3040,376.8
3041,1
3042,1/5
3043,5
3044,3200/3
3045,15
3046,340
3047,1680
3048,8
3049,518400
3050,0.4
3051,148.8
3052,40
3053,12.25
3054,21
3055,48
3056,400
3057,12
3058,1375
3059,537.6
3060,3750
3061,1248
3062,62.8
3063,21.98
3064,31
3065,65
3066,1600
3067,60
3068,140
3069,1000
3070,120
3071,3540
3072,50%
3073,122
3074,4.3
3075,None
3076,70
3077,1507.2
3078,72
3079,45
3080,57
3081,80
3082,6280
3083,0.50
3084,12
3085,54
3086,140000
3087,20
3088,210
3089,None
3090,98%
3091,2709.45
3092,18
3093,45
3094,96.8
3095,142.24
3096,110.5
3097,1.2
3098,78.5
3099,3
3100,None
3101,1/3
3102,100
3103,24
3104,72
3105,3
3106,12
3107,600
3108,50
3109,9
3110,0.8
3111,360
3112,192
3113,160
3114,470
3115,0.96
3116,1050
3117,240
3118,None
3119,45
3120,41.5
3121,456
3122,450
3123,12
3124,8
3125,160
3126,2850
3127,70
3128,2100
3129,400
3130,3250
3131,2
3132,10
3133,15.5
3134,476.652
3135,None
3136,150.72
3137,123
3138,640
3139,22.5
3140,97.5%、2.5%
3141,12000
3142,0
3143,36
3144,8
3145,508
3146,5
3147,1080
3148,1.1
3149,600
3150,55
3151,138
3152,6
3153,45
3154,9.4
3155,1200
3156,24
3157,0
3158,120
3159,8
3160,64.8
3161,3.30625
3162,17280
3163,20%
3164,1.44
3165,64
3166,45
3167,78
3168,97
3169,7
3170,720
3171,40
3172,32
3173,15
3174,76
3175,140
3176,1791
3177,41
3178,624
3179,48
3180,2700
3181,37.3
3182,2.7
3183,3.7
3184,720
3185,180
3186,5.5
3187,121
3188,807
3189,1.8
3190,72
3191,255
3192,276
3193,60
3194,720
3195,30
3196,52
3197,6400
3198,1800
3199,465
3200,70
3201,96
3202,3600
3203,4800
3204,184
3205,2
3206,350
3207,94
3208,75.2
3209,85
3210,120
3211,5.14
3212,72
3213,8
3214,9
3215,75
3216,600
3217,800
3218,24
3219,130
3220,11
3221,4
3222,15
3223,210
3224,360
3225,175
3226,160
3227,7.5
3228,30
3229,8
3230,2520
3231,384
3232,360
3233,123
3234,38
3235,2880
3236,864
3237,3250
3238,175
3239,1428.125
3240,63
3241,9900
3242,400
3243,1160
3244,1600
3245,50
3246,1820
3247,372
3248,2100
3249,3600
3250,280
3251,78
3252,300
3253,1200
3254,30
3255,6
3256,6.25
3257,3
3258,8
3259,4
3260,1692
3261,8
3262,6
3263,24
3264,3
3265,7
3266,8
3267,480
3268,35
3269,186
3270,225
3271,24
3272,27
3273,8
3274,63
3275,336
3276,180
3277,35
3278,None
3279,625
3280,780
3281,5124
3282,6
3283,130
3284,2416
3285,5
3286,11
3287,9
3288,53
3289,5400
3290,250
3291,218
3292,120
3293,9
3294,45
3295,29
3296,86
3297,200
3298,1000
3299,105
3300,13
3301,27
3302,228
3303,109
3304,99
3305,11
3306,447
3307,477
3308,103
3309,63
3310,112
3311,660
3312,84
3313,9
3314,31
3315,7
3316,63
3317,315
3318,362
3319,8
3320,220
3321,54
3322,605
3323,21
3324,7680
3325,60
3326,200
3327,8250
3328,1425
3329,144
3330,90
3331,10
3332,250
3333,1440
3334,126000
3335,2
3336,203
3337,31
3338,1456
3339,576
3340,200
3341,720
3342,95
3343,4
3344,257
3345,5
3346,100
3347,15
3348,3600
3349,180
3350,32
3351,13
3352,13
3353,48
3354,39
3355,2600
3356,784
3357,130
3358,60
3359,86
3360,550
3361,520
3362,204
3363,126
3364,35
3365,40
3366,37
3367,300
3368,117
3369,10
3370,13500
3371,2205
3372,1052
3373,2640
3374,322
3375,900
3376,33
3377,910
3378,300
3379,256
3380,81
3381,2082
3382,105
3383,12672
3384,1122
3385,84
3386,25
3387,15
3388,24
3389,25
3390,98
3391,432
3392,960
3393,60
3394,40
3395,130
3396,24
3397,25
3398,60
3399,100
3400,845
3401,90
3402,5
3403,52
3404,None
3405,46
3406,214
3407,400
3408,36
3409,16
3410,100
3411,6
3412,1944
3413,4185
3414,361.85
3415,207
3416,5
3417,300/61
3418,16
3419,2430
3420,52
3421,120
3422,552
3423,4800
3424,1764
3425,3
3426,6240
3427,432
3428,1
3429,25
3430,48
3431,38
3432,3025
3433,7
3434,131
3435,33.62
3436,73
3437,23
3438,2990
3439,87
3440,0.72
3441,480
3442,1
3443,8:45
3444,2015
3445,279
3446,700
3447,7.2
3448,45
3449,96
3450,1400
3451,172
3452,5200
3453,139
3454,18
3455,128
3456,14
3457,152
3458,120
3459,8
3460,33
3461,3
3462,15
3463,336
3464,None
3465,3
3466,180
3467,180
3468,57.90
3469,430
3470,4.9
3471,15
3472,12.05
3473,1000
3474,12
3475,4500
3476,23
3477,25
3478,8
3479,600
3480,75
3481,36/11
3482,33
3483,51
3484,800
3485,64
3486,6
3487,72
3488,288
3489,390
3490,20
3491,192
3492,6
3493,882
3494,100
3495,10
3496,7/2
3497,81/68
3498,4/145
3499,6
3500,6
3501,16
3502,100
3503,800
3504,4
3505,3120
3506,None
3507,65
3508,275
3509,12.8
3510,300
3511,420
3512,12
3513,7500
3514,21.75
3515,5760
3516,352
3517,36
3518,6
3519,3500
3520,192
3521,8
3522,24
3523,6
3524,57
3525,500
3526,150
3527,1.5
3528,5
3529,58
3530,3.14
3531,20
3532,25.3
3533,320
3534,0.2
3535,5
3536,9
3537,6
3538,192
3539,276
3540,50
3541,2400
3542,12180
3543,2600
3544,6
3545,5
3546,8
3547,1494
3548,588
3549,2000
3550,8
3551,75
3552,15
3553,5050
3554,205
3555,720
3556,-316
3557,3
3558,2500000
3559,419
3560,428
3561,1720
3562,840
3563,9
3564,380
3565,177
3566,32
3567,1108
3568,1488
3569,2
3570,12
3571,6
3572,8
3573,35
3574,42
3575,8800
3576,92
3577,25
3578,24
3579,50
3580,6840
3581,80
3582,75
3583,24
3584,337.5
3585,40
3586,80
3587,2790
3588,6480
3589,3528
3590,4500
3591,52
3592,54
3593,21
3594,None
3595,2000
3596,175
3597,6
3598,23
3599,4
3600,194
3601,89600
3602,74
3603,817
3604,1500
3605,640
3606,40
3607,9
3608,21
3609,30/13
3610,3
3611,25
3612,634.2
3613,420
3614,945
3615,8
3616,480
3617,112
3618,2.56
3619,160
3620,396
3621,5
3622,450
3623,266
3624,1
3625,4240
3626,102
3627,None
3628,1080
3629,62
3630,1200
3631,920
3632,660
3633,13000
3634,3575
3635,125
3636,140
3637,519
3638,15
3639,300
3640,166
3641,6
3642,108
3643,3330
3644,21.6
3645,24
3646,18
3647,2450
3648,3
3649,690
3650,20
3651,3
3652,48
3653,250
3654,168
3655,54
3656,161
3657,1035
3658,70
3659,982
3660,24
3661,3600
3662,1.5
3663,177
3664,17
3665,566
3666,98
3667,17
3668,485
3669,588
3670,2916
3671,1440
3672,13
3673,100
3674,15.7
3675,640
3676,10665
3677,1353
3678,12.15
3679,5880
3680,9840
3681,880
3682,14
3683,6
3684,9.5
3685,272
3686,1500
3687,400
3688,1000
3689,384
3690,60
3691,80
3692,8
3693,38
3694,1118
3695,504
3696,20
3697,10
3698,2350
3699,51
3700,1632
3701,390
3702,880
3703,4
3704,1350
3705,17
3706,4500
3707,168
3708,9
3709,44
3710,6
3711,104
3712,18090
3713,42
3714,3/7
3715,570
3716,10000
3717,509
3718,12
3719,684
3720,13
3721,318
3722,655
3723,72
3724,52875
3725,7
3726,40
3727,1/10
3728,12
3729,50/3
3730,1250
3731,84
3732,80
3733,68
3734,534
3735,800
3736,107
3737,3800
3738,640
3739,14000
3740,429
3741,600
3742,728
3743,4710
3744,140
3745,450
3746,212
3747,8
3748,300
3749,30
3750,2668
3751,120
3752,None
3753,288
3754,1176
3755,720
3756,671
3757,52
3758,3360
3759,5000
3760,7056
3761,96
3762,78
3763,3
3764,420
3765,11
3766,4
3767,2210
3768,300
3769,40
3770,49
3771,2160
3772,108
3773,7
3774,600
3775,12
3776,20000
3777,1
3778,84525
3779,32/3
3780,552
3781,15
3782,11
3783,175
3784,120
3785,160
3786,23800
3787,68
3788,414
3789,7391
3790,20/13
3791,3430
3792,126
3793,65
3794,190
3795,93.6
3796,24
3797,18
3798,102
3799,763
3800,1100
3801,52
3802,8020
3803,3
3804,9
3805,84
3806,1679
3807,4400
3808,54
3809,29
3810,30
3811,144
3812,60
3813,47.5
3814,900
3815,24
3816,667
3817,15
3818,45
3819,36
3820,10850
3821,40
3822,36
3823,20
3824,19
3825,6
3826,36
3827,25
3828,2232
3829,1770
3830,15/28
3831,43.2
3832,14000
3833,14
3834,360
3835,60
3836,768
3837,8
3838,45
3839,2970
3840,8100
3841,1232
3842,192
3843,2901
3844,1.5
3845,6
3846,7
3847,768
3848,15
3849,5850
3850,90
3851,256
3852,2.8
3853,54
3854,2520
3855,350
3856,3456
3857,216
3858,455
3859,75
3860,960
3861,96
3862,140
3863,1440
3864,468
3865,3900
3866,1680
3867,375
3868,368
3869,5000
3870,0.8
3871,40
3872,28
3873,1120
3874,27
3875,5760
3876,54
3877,120
3878,716
3879,396
3880,10.24
3881,2
3882,24
3883,1
3884,29
3885,83
3886,21.6
3887,8
3888,8
3889,1200
3890,144
3891,16
3892,1.86
3893,108
3894,1080
3895,24
3896,270
3897,9
3898,12
3899,6.5
3900,27
3901,126
3902,40
3903,2800
3904,2
3905,62
3906,144
3907,168
3908,14.5
3909,0.36
3910,410
3911,6
3912,91
3913,140
3914,18414
3915,24128
3916,510
3917,10
3918,3360
3919,312
3920,900
3921,610
3922,2100
3923,18
3924,775
3925,400
3926,4
3927,240
3928,225
3929,30
3930,196
3931,4.08
3932,32
3933,200
3934,95
3935,96
3936,1680
3937,12
3938,651
3939,9720
3940,396
3941,1247
3942,5
3943,768
3944,32.6
3945,4.5
3946,204
3947,3_5/6
3948,30
3949,227.9
3950,1035
3951,421
3952,2
3953,324
3954,462
3955,200
3956,682
3957,0.78
3958,6
3959,16
3960,1050
3961,81
3962,0
3963,375
3964,418
3965,504
3966,48
3967,35
3968,336
3969,1
3970,None
3971,80
3972,45
3973,8
3974,60
3975,40
3976,10
3977,8
3978,41.8
3979,2500
3980,2
3981,92
3982,4
3983,440
3984,3
3985,900
3986,51
3987,3.5
3988,0
3989,700
3990,2000
3991,8/3
3992,None
3993,69
3994,1380
3995,13
3996,None
3997,70
3998,600
3999,118
4000,None
4001,None
4002,None
4003,None
4004,None
4005,None
4006,None
4007,None
4008,None
4009,None
4010,None
4011,None
4012,None
4013,None
4014,None
4015,None
4016,None
4017,None
4018,None
4019,None
4020,None
4021,None
4022,None
4023,None
4024,None
4025,None
4026,None
4027,None
4028,None
4029,None
4030,None
4031,None
4032,None
4033,None
4034,None
4035,None
4036,None
4037,None
4038,None
4039,None
4040,None
4041,None
4042,None
4043,None
4044,None
4045,None
4046,None
4047,None
4048,None
4049,None
4050,None
4051,None
4052,None
4053,None
4054,None
4055,None
4056,None
4057,None
4058,None
4059,None
4060,None
4061,None
4062,None
4063,None
4064,None
4065,None
4066,None
4067,None
4068,None
4069,None
4070,None
4071,None
4072,None
4073,None
4074,None
4075,None
4076,None
4077,None
4078,None
4079,None
4080,None
4081,None
4082,None
4083,None
4084,None
4085,None
4086,None
4087,None
4088,None
4089,None
4090,None
4091,None
4092,None
4093,None
4094,None
4095,None
4096,None
4097,None
4098,None
4099,None
4100,None
4101,None
4102,None
4103,None
4104,None
4105,None
4106,None
4107,None
4108,None
4109,None
4110,None
4111,None
4112,None
4113,None
4114,None
4115,None
4116,None
4117,None
4118,None
4119,None
4120,None
4121,None
4122,None
4123,None
4124,None
4125,None
4126,None
4127,None
4128,None
4129,None
4130,None
4131,None
4132,None
4133,None
4134,None
4135,None
4136,None
4137,None
4138,None
4139,None
4140,None
4141,None
4142,None
4143,None
4144,None
4145,None
4146,None
4147,None
4148,None
4149,None
4150,None
4151,None
4152,None
4153,None
4154,None
4155,None
4156,None
4157,None
4158,None
4159,None
4160,None
4161,None
4162,None
4163,None
4164,None
4165,None
4166,None
4167,None
4168,None
4169,None
4170,None
4171,None
4172,None
4173,None
4174,None
4175,None
4176,None
4177,None
4178,None
4179,None
4180,None
4181,None
4182,None
4183,None
4184,None
4185,None
4186,None
4187,None
4188,None
4189,None
4190,None
4191,None
4192,None
4193,None
4194,None
4195,None
4196,None
4197,None
4198,None
4199,None
4200,None
4201,None
4202,None
4203,None
4204,None
4205,None
4206,None
4207,None
4208,None
4209,None
4210,None
4211,None
4212,None
4213,None
4214,None
4215,None
4216,None
4217,None
4218,None
4219,None
4220,None
4221,None
4222,None
4223,None
4224,None
4225,None
4226,None
4227,None
4228,None
4229,None
4230,None
4231,None
4232,None
4233,None
4234,None
4235,None
4236,None
4237,None
4238,None
4239,None
4240,None
4241,None
4242,None
4243,None
4244,None
4245,None
4246,None
4247,None
4248,None
4249,None
4250,None
4251,None
4252,None
4253,None
4254,None
4255,None
4256,None
4257,None
4258,None
4259,None
4260,None
4261,None
4262,None
4263,None
4264,None
4265,None
4266,None
4267,None
4268,None
4269,None
4270,None
4271,None
4272,None
4273,None
4274,None
4275,None
4276,None
4277,None
4278,None
4279,None
4280,None
4281,None
4282,None
4283,None
4284,None
4285,None
4286,None
4287,None
4288,None
4289,None
4290,None
4291,None
4292,None
4293,None
4294,None
4295,None
4296,None
4297,None
4298,None
4299,None
4300,None
4301,None
4302,None
4303,None
4304,None
4305,None
4306,None
4307,None
4308,None
4309,None
4310,None
4311,None
4312,None
4313,None
4314,None
4315,None
4316,None
4317,None
4318,None
4319,None
4320,None
4321,None
4322,None
4323,None
4324,None
4325,None
4326,None
4327,None
4328,None
4329,None
4330,None
4331,None
4332,None
4333,None
4334,None
4335,None
4336,None
4337,None
4338,None
4339,None
4340,None
4341,None
4342,None
4343,None
4344,None
4345,None
4346,None
4347,None
4348,None
4349,None
4350,None
4351,None
4352,None
4353,None
4354,None
4355,None
4356,None
4357,None
4358,None
4359,None
4360,None
4361,None
4362,None
4363,None
4364,None
4365,None
4366,None
4367,None
4368,None
4369,None
4370,None
4371,None
4372,None
4373,None
4374,None
4375,None
4376,None
4377,None
4378,None
4379,None
4380,None
4381,None
4382,None
4383,None
4384,None
4385,None
4386,None
4387,None
4388,None
4389,None
4390,None
4391,None
4392,None
4393,None
4394,None
4395,None
4396,None
4397,None
4398,None
4399,None
4400,None
4401,None
4402,None
4403,None
4404,None
4405,None
4406,None
4407,None
4408,None
4409,None
4410,None
4411,None
4412,None
4413,None
4414,None
4415,None
4416,None
4417,None
4418,None
4419,None
4420,None
4421,None
4422,None
4423,None
4424,None
4425,None
4426,None
4427,None
4428,None
4429,None
4430,None
4431,None
4432,None
4433,None
4434,None
4435,None
4436,None
4437,None
4438,None
4439,None
4440,None
4441,None
4442,None
4443,None
4444,None
4445,None
4446,None
4447,None
4448,None
4449,None
4450,None
4451,None
4452,None
4453,None
4454,None
4455,None
4456,None
4457,None
4458,None
4459,None
4460,None
4461,None
4462,None
4463,None
4464,None
4465,None
4466,None
4467,None
4468,None
4469,None
4470,None
4471,None
4472,None
4473,None
4474,None
4475,None
4476,None
4477,None
4478,None
4479,None
4480,None
4481,None
4482,None
4483,None
4484,None
4485,None
4486,None
4487,None
4488,None
4489,None
4490,None
4491,None
4492,None
4493,None
4494,None
4495,None
4496,None
4497,None
4498,None
4499,None
4500,None
4501,None
4502,None
4503,None
4504,None
4505,None
4506,None
4507,None
4508,None
4509,None
4510,None
4511,None
4512,None
4513,None
4514,None
4515,None
4516,None
4517,None
4518,None
4519,None
4520,None
4521,None
4522,None
4523,None
4524,None
4525,None
4526,None
4527,None
4528,None
4529,None
4530,None
4531,None
4532,None
4533,None
4534,None
4535,None
4536,None
4537,None
4538,None
4539,None
4540,None
4541,None
4542,None
4543,None
4544,None
4545,None
4546,None
4547,None
4548,None
4549,None
4550,None
4551,None
4552,None
4553,None
4554,None
4555,None
4556,None
4557,None
4558,None
4559,None
4560,None
4561,None
4562,None
4563,None
4564,None
4565,None
4566,None
4567,None
4568,None
4569,None
4570,None
4571,None
4572,None
4573,None
4574,None
4575,None
4576,None
4577,None
4578,None
4579,None
4580,None
4581,None
4582,None
4583,None
4584,None
4585,None
4586,None
4587,None
4588,None
4589,None
4590,None
4591,None
4592,None
4593,None
4594,None
4595,None
4596,None
4597,None
4598,None
4599,None
4600,None
4601,None
4602,None
4603,None
4604,None
4605,None
4606,None
4607,None
4608,None
4609,None
4610,None
4611,None
4612,None
4613,None
4614,None
4615,None
4616,None
4617,None
4618,None
4619,None
4620,None
4621,None
4622,None
4623,None
4624,None
4625,None
4626,None
4627,None
4628,None
4629,None
4630,None
4631,None
4632,None
4633,None
4634,None
4635,None
4636,None
4637,None
4638,None
4639,None
4640,None
4641,None
4642,None
4643,None
4644,None
4645,None
4646,None
4647,None
4648,None
4649,None
4650,None
4651,None
4652,None
4653,None
4654,None
4655,None
4656,None
4657,None
4658,None
4659,None
4660,None
4661,None
4662,None
4663,None
4664,None
4665,None
4666,None
4667,None
4668,None
4669,None
4670,None
4671,None
4672,None
4673,None
4674,None
4675,None
4676,None
4677,None
4678,None
4679,None
4680,None
4681,None
4682,None
4683,None
4684,None
4685,None
4686,None
4687,None
4688,None
4689,None
4690,None
4691,None
4692,None
4693,None
4694,None
4695,None
4696,None
4697,None
4698,None
4699,None
4700,None
4701,None
4702,None
4703,None
4704,None
4705,None
4706,None
4707,None
4708,None
4709,None
4710,None
4711,None
4712,None
4713,None
4714,None
4715,None
4716,None
4717,None
4718,None
4719,None
4720,None
4721,None
4722,None
4723,None
4724,None
4725,None
4726,None
4727,None
4728,None
4729,None
4730,None
4731,None
4732,None
4733,None
4734,None
4735,None
4736,None
4737,None
4738,None
4739,None
4740,None
4741,None
4742,None
4743,None
4744,None
4745,None
4746,None
4747,None
4748,None
4749,None
4750,None
4751,None
4752,None
4753,None
4754,None
4755,None
4756,None
4757,None
4758,None
4759,None
4760,None
4761,None
4762,None
4763,None
4764,None
4765,None
4766,None
4767,None
4768,None
4769,None
4770,None
4771,None
4772,None
4773,None
4774,None
4775,None
4776,None
4777,None
4778,None
4779,None
4780,None
4781,None
4782,None
4783,None
4784,None
4785,None
4786,None
4787,None
4788,None
4789,None
4790,None
4791,None
4792,None
4793,None
4794,None
4795,None
4796,None
4797,None
4798,None
4799,None
4800,None
4801,None
4802,None
4803,None
4804,None
4805,None
4806,None
4807,None
4808,None
4809,None
4810,None
4811,None
4812,None
4813,None
4814,None
4815,None
4816,None
4817,None
4818,None
4819,None
4820,None
4821,None
4822,None
4823,None
4824,None
4825,None
4826,None
4827,None
4828,None
4829,None
4830,None
4831,None
4832,None
4833,None
4834,None
4835,None
4836,None
4837,None
4838,None
4839,None
4840,None
4841,None
4842,None
4843,None
4844,None
4845,None
4846,None
4847,None
4848,None
4849,None
4850,None
4851,None
4852,None
4853,None
4854,None
4855,None
4856,None
4857,None
4858,None
4859,None
4860,None
4861,None
4862,None
4863,None
4864,None
4865,None
4866,None
4867,None
4868,None
4869,None
4870,None
4871,None
4872,None
4873,None
4874,None
4875,None
4876,None
4877,None
4878,None
4879,None
4880,None
4881,None
4882,None
4883,None
4884,None
4885,None
4886,None
4887,None
4888,None
4889,None
4890,None
4891,None
4892,None
4893,None
4894,None
4895,None
4896,None
4897,None
4898,None
4899,None
4900,None
4901,None
4902,None
4903,None
4904,None
4905,None
4906,None
4907,None
4908,None
4909,None
4910,None
4911,None
4912,None
4913,None
4914,None
4915,None
4916,None
4917,None
4918,None
4919,None
4920,None
4921,None
4922,None
4923,None
4924,None
4925,None
4926,None
4927,None
4928,None
4929,None
4930,None
4931,None
4932,None
4933,None
4934,None
4935,None
4936,None
4937,None
4938,None
4939,None
4940,None
4941,None
4942,None
4943,None
4944,None
4945,None
4946,None
4947,None
4948,None
4949,None
4950,None
4951,None
4952,None
4953,None
4954,None
4955,None
4956,None
4957,None
4958,None
4959,None
4960,None
4961,None
4962,None
4963,None
4964,None
4965,None
4966,None
4967,None
4968,None
4969,None
4970,None
4971,None
4972,None
4973,None
4974,None
4975,None
4976,None
4977,None
4978,None
4979,None
4980,None
4981,None
4982,None
4983,None
4984,None
4985,None
4986,None
4987,None
4988,None
4989,None
4990,None
4991,None
4992,None
4993,None
4994,None
4995,None
4996,None
4997,None
4998,None
4999,None
5000,None
5001,None
5002,None
5003,None
5004,None
5005,None
5006,None
5007,None
5008,None
5009,None
5010,None
5011,None
5012,None
5013,None
5014,None
5015,None
5016,None
5017,None
5018,None
5019,None
5020,None
5021,None
5022,None
5023,None
5024,None
5025,None
5026,None
5027,None
5028,None
5029,None
5030,None
5031,None
5032,None
5033,None
5034,None
5035,None
5036,None
5037,None
5038,None
5039,None
5040,None
5041,None
5042,None
5043,None
5044,None
5045,None
5046,None
5047,None
5048,None
5049,None
5050,None
5051,None
5052,None
5053,None
5054,None
5055,None
5056,None
5057,None
5058,None
5059,None
5060,None
5061,None
5062,None
5063,None
5064,None
5065,None
5066,None
5067,None
5068,None
5069,None
5070,None
5071,None
5072,None
5073,None
5074,None
5075,None
5076,None
5077,None
5078,None
5079,None
5080,None
5081,None
5082,None
5083,None
5084,None
5085,None
5086,None
5087,None
5088,None
5089,None
5090,None
5091,None
5092,None
5093,None
5094,None
5095,None
5096,None
5097,None
5098,None
5099,None
5100,None
5101,None
5102,None
5103,None
5104,None
5105,None
5106,None
5107,None
5108,None
5109,None
5110,None
5111,None
5112,None
5113,None
5114,None
5115,None
5116,None
5117,None
5118,None
5119,None
5120,None
5121,None
5122,None
5123,None
5124,None
5125,None
5126,None
5127,None
5128,None
5129,None
5130,None
5131,None
5132,None
5133,None
5134,None
5135,None
5136,None
5137,None
5138,None
5139,None
5140,None
5141,None
5142,None
5143,None
5144,None
5145,None
5146,None
5147,None
5148,None
5149,None
5150,None
5151,None
5152,None
5153,None
5154,None
5155,None
5156,None
5157,None
5158,None
5159,None
5160,None
5161,None
5162,None
5163,None
5164,None
5165,None
5166,None
5167,None
5168,None
5169,None
5170,None
5171,None
5172,None
5173,None
5174,None
5175,None
5176,None
5177,None
5178,None
5179,None
5180,None
5181,None
5182,None
5183,None
5184,None
5185,None
5186,None
5187,None
5188,None
5189,None
5190,None
5191,None
5192,None
5193,None
5194,None
5195,None
5196,None
5197,None
5198,None
5199,None
5200,None
5201,None
5202,None
5203,None
5204,None
5205,None
5206,None
5207,None
5208,None
5209,None
5210,None
5211,None
5212,None
5213,None
5214,None
5215,None
5216,None
5217,None
5218,None
5219,None
5220,None
5221,None
5222,None
5223,None
5224,None
5225,None
5226,None
5227,None
5228,None
5229,None
5230,None
5231,None
5232,None
5233,None
5234,None
5235,None
5236,None
5237,None
5238,None
5239,None
5240,None
5241,None
5242,None
5243,None
5244,None
5245,None
5246,None
5247,None
5248,None
5249,None
5250,None
5251,None
5252,None
5253,None
5254,None
5255,None
5256,None
5257,None
5258,None
5259,None
5260,None
5261,None
5262,None
5263,None
5264,None
5265,None
5266,None
5267,None
5268,None
5269,None
5270,None
5271,None
5272,None
5273,None
5274,None
5275,None
5276,None
5277,None
5278,None
5279,None
5280,None
5281,None
5282,None
5283,None
5284,None
5285,None
5286,None
5287,None
5288,None
5289,None
5290,None
5291,None
5292,None
5293,None
5294,None
5295,None
5296,None
5297,None
5298,None
5299,None
5300,None
5301,None
5302,None
5303,None
5304,None
5305,None
5306,None
5307,None
5308,None
5309,None
5310,None
5311,None
5312,None
5313,None
5314,None
5315,None
5316,None
5317,None
5318,None
5319,None
5320,None
5321,None
5322,None
5323,None
5324,None
5325,None
5326,None
5327,None
5328,None
5329,None
5330,None
5331,None
5332,None
5333,None
5334,None
5335,None
5336,None
5337,None
5338,None
5339,None
5340,None
5341,None
5342,None
5343,None
5344,None
5345,None
5346,None
5347,None
5348,None
5349,None
5350,None
5351,None
5352,None
5353,None
5354,None
5355,None
5356,None
5357,None
5358,None
5359,None
5360,None
5361,None
5362,None
5363,None
5364,None
5365,None
5366,None
5367,None
5368,None
5369,None
5370,None
5371,None
5372,None
5373,None
5374,None
5375,None
5376,None
5377,None
5378,None
5379,None
5380,None
5381,None
5382,None
5383,None
5384,None
5385,None
5386,None
5387,None
5388,None
5389,None
5390,None
5391,None
5392,None
5393,None
5394,None
5395,None
5396,None
5397,None
5398,None
5399,None
5400,None
5401,None
5402,None
5403,None
5404,None
5405,None
5406,None
5407,None
5408,None
5409,None
5410,None
5411,None
5412,None
5413,None
5414,None
5415,None
5416,None
5417,None
5418,None
5419,None
5420,None
5421,None
5422,None
5423,None
5424,None
5425,None
5426,None
5427,None
5428,None
5429,None
5430,None
5431,None
5432,None
5433,None
5434,None
5435,None
5436,None
5437,None
5438,None
5439,None
5440,None
5441,None
5442,None
5443,None
5444,None
5445,None
5446,None
5447,None
5448,None
5449,None
5450,None
5451,None
5452,None
5453,None
5454,None
5455,None
5456,None
5457,None
5458,None
5459,None
5460,None
5461,None
5462,None
5463,None
5464,None
5465,None
5466,None
5467,None
5468,None
5469,None
5470,None
5471,None
5472,None
5473,None
5474,None
5475,None
5476,None
5477,None
5478,None
5479,None
5480,None
5481,None
5482,None
5483,None
5484,None
5485,None
5486,None
5487,None
5488,None
5489,None
5490,None
5491,None
5492,None
5493,None
5494,None
5495,None
5496,None
5497,None
5498,None
5499,None
5500,None
5501,None
5502,None
5503,None
5504,None
5505,None
5506,None
5507,None
5508,None
5509,None
5510,None
5511,None
5512,None
5513,None
5514,None
5515,None
5516,None
5517,None
5518,None
5519,None
5520,None
5521,None
5522,None
5523,None
5524,None
5525,None
5526,None
5527,None
5528,None
5529,None
5530,None
5531,None
5532,None
5533,None
5534,None
5535,None
5536,None
5537,None
5538,None
5539,None
5540,None
5541,None
5542,None
5543,None
5544,None
5545,None
5546,None
5547,None
5548,None
5549,None
5550,None
5551,None
5552,None
5553,None
5554,None
5555,None
5556,None
5557,None
5558,None
5559,None
5560,None
5561,None
5562,None
5563,None
5564,None
5565,None
5566,None
5567,None
5568,None
5569,None
5570,None
5571,None
5572,None
5573,None
5574,None
5575,None
5576,None
5577,None
5578,None
5579,None
5580,None
5581,None
5582,None
5583,None
5584,None
5585,None
5586,None
5587,None
5588,None
5589,None
5590,None
5591,None
5592,None
5593,None
5594,None
5595,None
5596,None
5597,None
5598,None
5599,None
5600,None
5601,None
5602,None
5603,None
5604,None
5605,None
5606,None
5607,None
5608,None
5609,None
5610,None
5611,None
5612,None
5613,None
5614,None
5615,None
5616,None
5617,None
5618,None
5619,None
5620,None
5621,None
5622,None
5623,None
5624,None
5625,None
5626,None
5627,None
5628,None
5629,None
5630,None
5631,None
5632,None
5633,None
5634,None
5635,None
5636,None
5637,None
5638,None
5639,None
5640,None
5641,None
5642,None
5643,None
5644,None
5645,None
5646,None
5647,None
5648,None
5649,None
5650,None
5651,None
5652,None
5653,None
5654,None
5655,None
5656,None
5657,None
5658,None
5659,None
5660,None
5661,None
5662,None
5663,None
5664,None
5665,None
5666,None
5667,None
5668,None
5669,None
5670,None
5671,None
5672,None
5673,None
5674,None
5675,None
5676,None
5677,None
5678,None
5679,None
5680,None
5681,None
5682,None
5683,None
5684,None
5685,None
5686,None
5687,None
5688,None
5689,None
5690,None
5691,None
5692,None
5693,None
5694,None
5695,None
5696,None
5697,None
5698,None
5699,None
5700,None
5701,None
5702,None
5703,None
5704,None
5705,None
5706,None
5707,None
5708,None
5709,None
5710,None
5711,None
5712,None
5713,None
5714,None
5715,None
5716,None
5717,None
5718,None
5719,None
5720,None
5721,None
5722,None
5723,None
5724,None
5725,None
5726,None
5727,None
5728,None
5729,None
5730,None
5731,None
5732,None
5733,None
5734,None
5735,None
5736,None
5737,None
5738,None
5739,None
5740,None
5741,None
5742,None
5743,None
5744,None
5745,None
5746,None
5747,None
5748,None
5749,None
5750,None
5751,None
5752,None
5753,None
5754,None
5755,None
5756,None
5757,None
5758,None
5759,None
5760,None
5761,None
5762,None
5763,None
5764,None
5765,None
5766,None
5767,None
5768,None
5769,None
5770,None
5771,None
5772,None
5773,None
5774,None
5775,None
5776,None
5777,None
5778,None
5779,None
5780,None
5781,None
5782,None
5783,None
5784,None
5785,None
5786,None
5787,None
5788,None
5789,None
5790,None
5791,None
5792,None
5793,None
5794,None
5795,None
5796,None
5797,None
5798,None
5799,None
5800,None
5801,None
5802,None
5803,None
5804,None
5805,None
5806,None
5807,None
5808,None
5809,None
5810,None
5811,None
5812,None
5813,None
5814,None
5815,None
5816,None
5817,None
5818,None
5819,None
5820,None
5821,None
5822,None
5823,None
5824,None
5825,None
5826,None
5827,None
5828,None
5829,None
5830,None
5831,None
5832,None
5833,None
5834,None
5835,None
5836,None
5837,None
5838,None
5839,None
5840,None
5841,None
5842,None
5843,None
5844,None
5845,None
5846,None
5847,None
5848,None
5849,None
5850,None
5851,None
5852,None
5853,None
5854,None
5855,None
5856,None
5857,None
5858,None
5859,None
5860,None
5861,None
5862,None
5863,None
5864,None
5865,None
5866,None
5867,None
5868,None
5869,None
5870,None
5871,None
5872,None
5873,None
5874,None
5875,None
5876,None
5877,None
5878,None
5879,None
5880,None
5881,None
5882,None
5883,None
5884,None
5885,None
5886,None
5887,None
5888,None
5889,None
5890,None
5891,None
5892,None
5893,None
5894,None
5895,None
5896,None
5897,None
5898,None
5899,None
5900,None
5901,None
5902,None
5903,None
5904,None
5905,None
5906,None
5907,None
5908,None
5909,None
5910,None
5911,None
5912,None
5913,None
5914,None
5915,None
5916,None
5917,None
5918,None
5919,None
5920,None
5921,None
5922,None
5923,None
5924,None
5925,None
5926,None
5927,None
5928,None
5929,None
5930,None
5931,None
5932,None
5933,None
5934,None
5935,None
5936,None
5937,None
5938,None
5939,None
5940,None
5941,None
5942,None
5943,None
5944,None
5945,None
5946,None
5947,None
5948,None
5949,None
5950,None
5951,None
5952,None
5953,None
5954,None
5955,None
5956,None
5957,None
5958,None
5959,None
5960,None
5961,None
5962,None
5963,None
5964,None
5965,None
5966,None
5967,None
5968,None
5969,None
5970,None
5971,None
5972,None
5973,None
5974,None
5975,None
5976,None
5977,None
5978,None
5979,None
5980,None
5981,None
5982,None
5983,None
5984,None
5985,None
5986,None
5987,None
5988,None
5989,None
5990,None
5991,None
5992,None
5993,None
5994,None
5995,None
5996,None
5997,None
5998,None
5999,None
6000,None
6001,None
6002,None
6003,None
6004,None
6005,None
6006,None
6007,None
6008,None
6009,None
6010,None
6011,None
6012,None
6013,None
6014,None
6015,None
6016,None
6017,None
6018,None
6019,None
6020,None
6021,None
6022,None
6023,None
6024,None
6025,None
6026,None
6027,None
6028,None
6029,None
6030,None
6031,None
6032,None
6033,None
6034,None
6035,None
6036,None
6037,None
6038,None
6039,None
6040,None
6041,None
6042,None
6043,None
6044,None
6045,None
6046,None
6047,None
6048,None
6049,None
6050,None
6051,None
6052,None
6053,None
6054,None
6055,None
6056,None
6057,None
6058,None
6059,None
6060,None
6061,None
6062,None
6063,None
6064,None
6065,None
6066,None
6067,None
6068,None
6069,None
6070,None
6071,None
6072,None
6073,None
6074,None
6075,None
6076,None
6077,None
6078,None
6079,None
6080,None
6081,None
6082,None
6083,None
6084,None
6085,None
6086,None
6087,None
6088,None
6089,None
6090,None
6091,None
6092,None
6093,None
6094,None
6095,None
6096,None
6097,None
6098,None
6099,None
6100,None
6101,None
6102,None
6103,None
6104,None
6105,None
6106,None
6107,None
6108,None
6109,None
6110,None
6111,None
6112,None
6113,None
6114,None
6115,None
6116,None
6117,None
6118,None
6119,None
6120,None
6121,None
6122,None
6123,None
6124,None
6125,None
6126,None
6127,None
6128,None
6129,None
6130,None
6131,None
6132,None
6133,None
6134,None
6135,None
6136,None
6137,None
6138,None
6139,None
6140,None
6141,None
6142,None
6143,None
6144,None
6145,None
6146,None
6147,None
6148,None
6149,None
6150,None
6151,None
6152,None
6153,None
6154,None
6155,None
6156,None
6157,None
6158,None
6159,None
6160,None
6161,None
6162,None
6163,None
6164,None
6165,None
6166,None
6167,None
6168,None
6169,None
6170,None
6171,None
6172,None
6173,None
6174,None
6175,None
6176,None
6177,None
6178,None
6179,None
6180,None
6181,None
6182,None
6183,None
6184,None
6185,None
6186,None
6187,None
6188,None
6189,None
6190,None
6191,None
6192,None
6193,None
6194,None
6195,None
6196,None
6197,None
6198,None
6199,None
6200,None
6201,None
6202,None
6203,None
6204,None
6205,None
6206,None
6207,None
6208,None
6209,None
6210,None
6211,None
6212,None
6213,None
6214,None
6215,None
6216,None
6217,None
6218,None
6219,None
6220,None
6221,None
6222,None
6223,None
6224,None
6225,None
6226,None
6227,None
6228,None
6229,None
6230,None
6231,None
6232,None
6233,None
6234,None
6235,None
6236,None
6237,None
6238,None
6239,None
6240,None
6241,None
6242,None
6243,None
6244,None
6245,None
6246,None
6247,None
6248,None
6249,None
6250,None
6251,None
6252,None
6253,None
6254,None
6255,None
6256,None
6257,None
6258,None
6259,None
6260,None
6261,None
6262,None
6263,None
6264,None
6265,None
6266,None
6267,None
6268,None
6269,None
6270,None
6271,None
6272,None
6273,None
6274,None
6275,None
6276,None
6277,None
6278,None
6279,None
6280,None
6281,None
6282,None
6283,None
6284,None
6285,None
6286,None
6287,None
6288,None
6289,None
6290,None
6291,None
6292,None
6293,None
6294,None
6295,None
6296,None
6297,None
6298,None
6299,None
6300,None
6301,None
6302,None
6303,None
6304,None
6305,None
6306,None
6307,None
6308,None
6309,None
6310,None
6311,None
6312,None
6313,None
6314,None
6315,None
6316,None
6317,None
6318,None
6319,None
6320,None
6321,None
6322,None
6323,None
6324,None
6325,None
6326,None
6327,None
6328,None
6329,None
6330,None
6331,None
6332,None
6333,None
6334,None
6335,None
6336,None
6337,None
6338,None
6339,None
6340,None
6341,None
6342,None
6343,None
6344,None
6345,None
6346,None
6347,None
6348,None
6349,None
6350,None
6351,None
6352,None
6353,None
6354,None
6355,None
6356,None
6357,None
6358,None
6359,None
6360,None
6361,None
6362,None
6363,None
6364,None
6365,None
6366,None
6367,None
6368,None
6369,None
6370,None
6371,None
6372,None
6373,None
6374,None
6375,None
6376,None
6377,None
6378,None
6379,None
6380,None
6381,None
6382,None
6383,None
6384,None
6385,None
6386,None
6387,None
6388,None
6389,None
6390,None
6391,None
6392,None
6393,None
6394,None
6395,None
6396,None
6397,None
6398,None
6399,None
6400,None
6401,None
6402,None
6403,None
6404,None
6405,None
6406,None
6407,None
6408,None
6409,None
6410,None
6411,None
6412,None
6413,None
6414,None
6415,None
6416,None
6417,None
6418,None
6419,None
6420,None
6421,None
6422,None
6423,None
6424,None
6425,None
6426,None
6427,None
6428,None
6429,None
6430,None
6431,None
6432,None
6433,None
6434,None
6435,None
6436,None
6437,None
6438,None
6439,None
6440,None
6441,None
6442,None
6443,None
6444,None
6445,None
6446,None
6447,None
6448,None
6449,None
6450,None
6451,None
6452,None
6453,None
6454,None
6455,None
6456,None
6457,None
6458,None
6459,None
6460,None
6461,None
6462,None
6463,None
6464,None
6465,None
6466,None
6467,None
6468,None
6469,None
6470,None
6471,None
6472,None
6473,None
6474,None
6475,None
6476,None
6477,None
6478,None
6479,None
6480,None
6481,None
6482,None
6483,None
6484,None
6485,None
6486,None
6487,None
6488,None
6489,None
6490,None
6491,None
6492,None
6493,None
6494,None
6495,None
6496,None
6497,None
6498,None
6499,None
6500,None
6501,None
6502,None
6503,None
6504,None
6505,None
6506,None
6507,None
6508,None
6509,None
6510,None
6511,None
6512,None
6513,None
6514,None
6515,None
6516,None
6517,None
6518,None
6519,None
6520,None
6521,None
6522,None
6523,None
6524,None
6525,None
6526,None
6527,None
6528,None
6529,None
6530,None
6531,None
6532,None
6533,None
6534,None
6535,None
6536,None
6537,None
6538,None
6539,None
6540,None
6541,None
6542,None
6543,None
6544,None
6545,None
6546,None
6547,None
6548,None
6549,None
6550,None
6551,None
6552,None
6553,None
6554,None
6555,None
6556,None
6557,None
6558,None
6559,None
6560,None
6561,None
6562,None
6563,None
6564,None
6565,None
6566,None
6567,None
6568,None
6569,None
6570,None
6571,None
6572,None
6573,None
6574,None
6575,None
6576,None
6577,None
6578,None
6579,None
6580,None
6581,None
6582,None
6583,None
6584,None
6585,None
6586,None
6587,None
6588,None
6589,None
6590,None
6591,None
6592,None
6593,None
6594,None
6595,None
6596,None
6597,None
6598,None
6599,None
6600,None
6601,None
6602,None
6603,None
6604,None
6605,None
6606,None
6607,None
6608,None
6609,None
6610,None
6611,None
6612,None
6613,None
6614,None
6615,None
6616,None
6617,None
6618,None
6619,None
6620,None
6621,None
6622,None
6623,None
6624,None
6625,None
6626,None
6627,None
6628,None
6629,None
6630,None
6631,None
6632,None
6633,None
6634,None
6635,None
6636,None
6637,None
6638,None
6639,None
6640,None
6641,None
6642,None
6643,None
6644,None
6645,None
6646,None
6647,None
6648,None
6649,None
6650,None
6651,None
6652,None
6653,None
6654,None
6655,None
6656,None
6657,None
6658,None
6659,None
6660,None
6661,None
6662,None
6663,None
6664,None
6665,None
6666,None
6667,None
6668,None
6669,None
6670,None
6671,None
6672,None
6673,None
6674,None
6675,None
6676,None
6677,None
6678,None
6679,None
6680,None
6681,None
6682,None
6683,None
6684,None
6685,None
6686,None
6687,None
6688,None
6689,None
6690,None
6691,None
6692,None
6693,None
6694,None
6695,None
6696,None
6697,None
6698,None
6699,None
6700,None
6701,None
6702,None
6703,None
6704,None
6705,None
6706,None
6707,None
6708,None
6709,None
6710,None
6711,None
6712,None
6713,None
6714,None
6715,None
6716,None
6717,None
6718,None
6719,None
6720,None
6721,None
6722,None
6723,None
6724,None
6725,None
6726,None
6727,None
6728,None
6729,None
6730,None
6731,None
6732,None
6733,None
6734,None
6735,None
6736,None
6737,None
6738,None
6739,None
6740,None
6741,None
6742,None
6743,None
6744,None
6745,None
6746,None
6747,None
6748,None
6749,None
6750,None
6751,None
6752,None
6753,None
6754,None
6755,None
6756,None
6757,None
6758,None
6759,None
6760,None
6761,None
6762,None
6763,None
6764,None
6765,None
6766,None
6767,None
6768,None
6769,None
6770,None
6771,None
6772,None
6773,None
6774,None
6775,None
6776,None
6777,None
6778,None
6779,None
6780,None
6781,None
6782,None
6783,None
6784,None
6785,None
6786,None
6787,None
6788,None
6789,None
6790,None
6791,None
6792,None
6793,None
6794,None
6795,None
6796,None
6797,None
6798,None
6799,None
6800,None
6801,None
6802,None
6803,None
6804,None
6805,None
6806,None
6807,None
6808,None
6809,None
6810,None
6811,None
6812,None
6813,None
6814,None
6815,None
6816,None
6817,None
6818,None
6819,None
6820,None
6821,None
6822,None
6823,None
6824,None
6825,None
6826,None
6827,None
6828,None
6829,None
6830,None
6831,None
6832,None
6833,None
6834,None
6835,None
6836,None
6837,None
6838,None
6839,None
6840,None
6841,None
6842,None
6843,None
6844,None
6845,None
6846,None
6847,None
6848,None
6849,None
6850,None
6851,None
6852,None
6853,None
6854,None
6855,None
6856,None
6857,None
6858,None
6859,None
6860,None
6861,None
6862,None
6863,None
6864,None
6865,None
6866,None
6867,None
6868,None
6869,None
6870,None
6871,None
6872,None
6873,None
6874,None
6875,None
6876,None
6877,None
6878,None
6879,None
6880,None
6881,None
6882,None
6883,None
6884,None
6885,None
6886,None
6887,None
6888,None
6889,None
6890,None
6891,None
6892,None
6893,None
6894,None
6895,None
6896,None
6897,None
6898,None
6899,None
6900,None
6901,None
6902,None
6903,None
6904,None
6905,None
6906,None
6907,None
6908,None
6909,None
6910,None
6911,None
6912,None
6913,None
6914,None
6915,None
6916,None
6917,None
6918,None
6919,None
6920,None
6921,None
6922,None
6923,None
6924,None
6925,None
6926,None
6927,None
6928,None
6929,None
6930,None
6931,None
6932,None
6933,None
6934,None
6935,None
6936,None
6937,None
6938,None
6939,None
6940,None
6941,None
6942,None
6943,None
6944,None
6945,None
6946,None
6947,None
6948,None
6949,None
6950,None
6951,None
6952,None
6953,None
6954,None
6955,None
6956,None
6957,None
6958,None
6959,None
6960,None
6961,None
6962,None
6963,None
6964,None
6965,None
6966,None
6967,None
6968,None
6969,None
6970,None
6971,None
6972,None
6973,None
6974,None
6975,None
6976,None
6977,None
6978,None
6979,None
6980,None
6981,None
6982,None
6983,None
6984,None
6985,None
6986,None
6987,None
6988,None
6989,None
6990,None
6991,None
6992,None
6993,None
6994,None
6995,None
6996,None
6997,None
6998,None
6999,None
7000,None
7001,None
7002,None
7003,None
7004,None
7005,None
7006,None
7007,None
7008,None
7009,None
7010,None
7011,None
7012,None
7013,None
7014,None
7015,None
7016,None
7017,None
7018,None
7019,None
7020,None
7021,None
7022,None
7023,None
7024,None
7025,None
7026,None
7027,None
7028,None
7029,None
7030,None
7031,None
7032,None
7033,None
7034,None
7035,None
7036,None
7037,None
7038,None
7039,None
7040,None
7041,None
7042,None
7043,None
7044,None
7045,None
7046,None
7047,None
7048,None
7049,None
7050,None
7051,None
7052,None
7053,None
7054,None
7055,None
7056,None
7057,None
7058,None
7059,None
7060,None
7061,None
7062,None
7063,None
7064,None
7065,None
7066,None
7067,None
7068,None
7069,None
7070,None
7071,None
7072,None
7073,None
7074,None
7075,None
7076,None
7077,None
7078,None
7079,None
7080,None
7081,None
7082,None
7083,None
7084,None
7085,None
7086,None
7087,None
7088,None
7089,None
7090,None
7091,None
7092,None
7093,None
7094,None
7095,None
7096,None
7097,None
7098,None
7099,None
7100,None
7101,None
7102,None
7103,None
7104,None
7105,None
7106,None
7107,None
7108,None
7109,None
7110,None
7111,None
7112,None
7113,None
7114,None
7115,None
7116,None
7117,None
7118,None
7119,None
7120,None
7121,None
7122,None
7123,None
7124,None
7125,None
7126,None
7127,None
7128,None
7129,None
7130,None
7131,None
7132,None
7133,None
7134,None
7135,None
7136,None
7137,None
7138,None
7139,None
7140,None
7141,None
7142,None
7143,None
7144,None
7145,None
7146,None
7147,None
7148,None
7149,None
7150,None
7151,None
7152,None
7153,None
7154,None
7155,None
7156,None
7157,None
7158,None
7159,None
7160,None
7161,None
7162,None
7163,None
7164,None
7165,None
7166,None
7167,None
7168,None
7169,None
7170,None
7171,None
7172,None
7173,None
7174,None
7175,None
7176,None
7177,None
7178,None
7179,None
7180,None
7181,None
7182,None
7183,None
7184,None
7185,None
7186,None
7187,None
7188,None
7189,None
7190,None
7191,None
7192,None
7193,None
7194,None
7195,None
7196,None
7197,None
7198,None
7199,None
7200,None
7201,None
7202,None
7203,None
7204,None
7205,None
7206,None
7207,None
7208,None
7209,None
7210,None
7211,None
7212,None
7213,None
7214,None
7215,None
7216,None
7217,None
7218,None
7219,None
7220,None
7221,None
7222,None
7223,None
7224,None
7225,None
7226,None
7227,None
7228,None
7229,None
7230,None
7231,None
7232,None
7233,None
7234,None
7235,None
7236,None
7237,None
7238,None
7239,None
7240,None
7241,None
7242,None
7243,None
7244,None
7245,None
7246,None
7247,None
7248,None
7249,None
7250,None
7251,None
7252,None
7253,None
7254,None
7255,None
7256,None
7257,None
7258,None
7259,None
7260,None
7261,None
7262,None
7263,None
7264,None
7265,None
7266,None
7267,None
7268,None
7269,None
7270,None
7271,None
7272,None
7273,None
7274,None
7275,None
7276,None
7277,None
7278,None
7279,None
7280,None
7281,None
7282,None
7283,None
7284,None
7285,None
7286,None
7287,None
7288,None
7289,None
7290,None
7291,None
7292,None
7293,None
7294,None
7295,None
7296,None
7297,None
7298,None
7299,None
7300,None
7301,None
7302,None
7303,None
7304,None
7305,None
7306,None
7307,None
7308,None
7309,None
7310,None
7311,None
7312,None
7313,None
7314,None
7315,None
7316,None
7317,None
7318,None
7319,None
7320,None
7321,None
7322,None
7323,None
7324,None
7325,None
7326,None
7327,None
7328,None
7329,None
7330,None
7331,None
7332,None
7333,None
7334,None
7335,None
7336,None
7337,None
7338,None
7339,None
7340,None
7341,None
7342,None
7343,None
7344,None
7345,None
7346,None
7347,None
7348,None
7349,None
7350,None
7351,None
7352,None
7353,None
7354,None
7355,None
7356,None
7357,None
7358,None
7359,None
7360,None
7361,None
7362,None
7363,None
7364,None
7365,None
7366,None
7367,None
7368,None
7369,None
7370,None
7371,None
7372,None
7373,None
7374,None
7375,None
7376,None
7377,None
7378,None
7379,None
7380,None
7381,None
7382,None
7383,None
7384,None
7385,None
7386,None
7387,None
7388,None
7389,None
7390,None
7391,None
7392,None
7393,None
7394,None
7395,None
7396,None
7397,None
7398,None
7399,None
7400,None
7401,None
7402,None
7403,None
7404,None
7405,None
7406,None
7407,None
7408,None
7409,None
7410,None
7411,None
7412,None
7413,None
7414,None
7415,None
7416,None
7417,None
7418,None
7419,None
7420,None
7421,None
7422,None
7423,None
7424,None
7425,None
7426,None
7427,None
7428,None
7429,None
7430,None
7431,None
7432,None
7433,None
7434,None
7435,None
7436,None
7437,None
7438,None
7439,None
7440,None
7441,None
7442,None
7443,None
7444,None
7445,None
7446,None
7447,None
7448,None
7449,None
7450,None
7451,None
7452,None
7453,None
7454,None
7455,None
7456,None
7457,None
7458,None
7459,None
7460,None
7461,None
7462,None
7463,None
7464,None
7465,None
7466,None
7467,None
7468,None
7469,None
7470,None
7471,None
7472,None
7473,None
7474,None
7475,None
7476,None
7477,None
7478,None
7479,None
7480,None
7481,None
7482,None
7483,None
7484,None
7485,None
7486,None
7487,None
7488,None
7489,None
7490,None
7491,None
7492,None
7493,None
7494,None
7495,None
7496,None
7497,None
7498,None
7499,None
7500,None
7501,None
7502,None
7503,None
7504,None
7505,None
7506,None
7507,None
7508,None
7509,None
7510,None
7511,None
7512,None
7513,None
7514,None
7515,None
7516,None
7517,None
7518,None
7519,None
7520,None
7521,None
7522,None
7523,None
7524,None
7525,None
7526,None
7527,None
7528,None
7529,None
7530,None
7531,None
7532,None
7533,None
7534,None
7535,None
7536,None
7537,None
7538,None
7539,None
7540,None
7541,None
7542,None
7543,None
7544,None
7545,None
7546,None
7547,None
7548,None
7549,None
7550,None
7551,None
7552,None
7553,None
7554,None
7555,None
7556,None
7557,None
7558,None
7559,None
7560,None
7561,None
7562,None
7563,None
7564,None
7565,None
7566,None
7567,None
7568,None
7569,None
7570,None
7571,None
7572,None
7573,None
7574,None
7575,None
7576,None
7577,None
7578,None
7579,None
7580,None
7581,None
7582,None
7583,None
7584,None
7585,None
7586,None
7587,None
7588,None
7589,None
7590,None
7591,None
7592,None
7593,None
7594,None
7595,None
7596,None
7597,None
7598,None
7599,None
7600,None
7601,None
7602,None
7603,None
7604,None
7605,None
7606,None
7607,None
7608,None
7609,None
7610,None
7611,None
7612,None
7613,None
7614,None
7615,None
7616,None
7617,None
7618,None
7619,None
7620,None
7621,None
7622,None
7623,None
7624,None
7625,None
7626,None
7627,None
7628,None
7629,None
7630,None
7631,None
7632,None
7633,None
7634,None
7635,None
7636,None
7637,None
7638,None
7639,None
7640,None
7641,None
7642,None
7643,None
7644,None
7645,None
7646,None
7647,None
7648,None
7649,None
7650,None
7651,None
7652,None
7653,None
7654,None
7655,None
7656,None
7657,None
7658,None
7659,None
7660,None
7661,None
7662,None
7663,None
7664,None
7665,None
7666,None
7667,None
7668,None
7669,None
7670,None
7671,None
7672,None
7673,None
7674,None
7675,None
7676,None
7677,None
7678,None
7679,None
7680,None
7681,None
7682,None
7683,None
7684,None
7685,None
7686,None
7687,None
7688,None
7689,None
7690,None
7691,None
7692,None
7693,None
7694,None
7695,None
7696,None
7697,None
7698,None
7699,None
7700,None
7701,None
7702,None
7703,None
7704,None
7705,None
7706,None
7707,None
7708,None
7709,None
7710,None
7711,None
7712,None
7713,None
7714,None
7715,None
7716,None
7717,None
7718,None
7719,None
7720,None
7721,None
7722,None
7723,None
7724,None
7725,None
7726,None
7727,None
7728,None
7729,None
7730,None
7731,None
7732,None
7733,None
7734,None
7735,None
7736,None
7737,None
7738,None
7739,None
7740,None
7741,None
7742,None
7743,None
7744,None
7745,None
7746,None
7747,None
7748,None
7749,None
7750,None
7751,None
7752,None
7753,None
7754,None
7755,None
7756,None
7757,None
7758,None
7759,None
7760,None
7761,None
7762,None
7763,None
7764,None
7765,None
7766,None
7767,None
7768,None
7769,None
7770,None
7771,None
7772,None
7773,None
7774,None
7775,None
7776,None
7777,None
7778,None
7779,None
7780,None
7781,None
7782,None
7783,None
7784,None
7785,None
7786,None
7787,None
7788,None
7789,None
7790,None
7791,None
7792,None
7793,None
7794,None
7795,None
7796,None
7797,None
7798,None
7799,None
7800,None
7801,None
7802,None
7803,None
7804,None
7805,None
7806,None
7807,None
7808,None
7809,None
7810,None
7811,None
7812,None
7813,None
7814,None
7815,None
7816,None
7817,None
7818,None
7819,None
7820,None
7821,None
7822,None
7823,None
7824,None
7825,None
7826,None
7827,None
7828,None
7829,None
7830,None
7831,None
7832,None
7833,None
7834,None
7835,None
7836,None
7837,None
7838,None
7839,None
7840,None
7841,None
7842,None
7843,None
7844,None
7845,None
7846,None
7847,None
7848,None
7849,None
7850,None
7851,None
7852,None
7853,None
7854,None
7855,None
7856,None
7857,None
7858,None
7859,None
7860,None
7861,None
7862,None
7863,None
7864,None
7865,None
7866,None
7867,None
7868,None
7869,None
7870,None
7871,None
7872,None
7873,None
7874,None
7875,None
7876,None
7877,None
7878,None
7879,None
7880,None
7881,None
7882,None
7883,None
7884,None
7885,None
7886,None
7887,None
7888,None
7889,None
7890,None
7891,None
7892,None
7893,None
7894,None
7895,None
7896,None
7897,None
7898,None
7899,None
7900,None
7901,None
7902,None
7903,None
7904,None
7905,None
7906,None
7907,None
7908,None
7909,None
7910,None
7911,None
7912,None
7913,None
7914,None
7915,None
7916,None
7917,None
7918,None
7919,None
7920,None
7921,None
7922,None
7923,None
7924,None
7925,None
7926,None
7927,None
7928,None
7929,None
7930,None
7931,None
7932,None
7933,None
7934,None
7935,None
7936,None
7937,None
7938,None
7939,None
7940,None
7941,None
7942,None
7943,None
7944,None
7945,None
7946,None
7947,None
7948,None
7949,None
7950,None
7951,None
7952,None
7953,None
7954,None
7955,None
7956,None
7957,None
7958,None
7959,None
7960,None
7961,None
7962,None
7963,None
7964,None
7965,None
7966,None
7967,None
7968,None
7969,None
7970,None
7971,None
7972,None
7973,None
7974,None
7975,None
7976,None
7977,None
7978,None
7979,None
7980,None
7981,None
7982,None
7983,None
7984,None
7985,None
7986,None
7987,None
7988,None
7989,None
7990,None
7991,None
7992,None
7993,None
7994,None
7995,None
7996,None
7997,None
7998,None
7999,None
